timestamp,cpu_temperature,cpu_usage,cpu_load,memory_usage,battery_level,cpu_power
2024-07-23 19:54:35.941578,57.0,93.1,1.61,48.8,86,8.46204662322998
2024-07-23 19:54:39.007098,70.0,84.6,1.61,49.0,86,15.345070838928223
2024-07-23 19:54:42.141491,60.0,84.1,1.48,48.6,86,10.895132064819336
2024-07-23 19:54:45.323709,64.0,87.5,1.36,49.0,86,10.814932823181152
2024-07-23 19:54:48.390368,60.0,88.8,1.36,48.7,86,10.908710479736328
2024-07-23 19:54:51.658021,63.0,85.2,1.66,48.5,85,12.149569511413574
2024-07-23 19:54:55.357736,58.0,94.1,2.08,48.8,85,11.204639434814453
2024-07-23 19:54:58.440374,63.0,90.1,2.08,49.1,85,19.878854751586914
2024-07-23 19:55:01.609247,64.0,87.9,2.32,48.9,85,14.99279499053955
2024-07-23 19:55:04.822074,65.0,84.4,2.32,48.9,85,11.859893798828125
2024-07-23 19:55:07.836342,61.0,87.5,2.21,48.8,85,11.230774879455566
2024-07-23 19:55:10.875686,63.0,86.0,2.35,48.7,84,11.235281944274902
2024-07-23 19:55:13.951109,59.0,84.0,2.35,48.7,84,10.189739227294922
2024-07-23 19:55:17.025461,65.0,82.4,2.81,48.7,84,13.652551651000977
2024-07-23 19:55:20.239762,59.0,83.0,2.82,48.7,84,10.150909423828125
2024-07-23 19:55:23.548187,63.0,86.4,2.82,48.9,84,12.390277862548828
2024-07-23 19:55:26.710569,61.0,86.3,3.07,48.8,84,12.742600440979004
2024-07-23 19:55:29.794142,70.0,83.9,3.07,49.0,84,12.905978202819824
2024-07-23 19:55:32.977835,81.0,91.1,3.47,49.0,84,15.568608283996582
2024-07-23 19:55:36.329891,60.0,86.5,3.43,49.2,84,9.976290702819824
2024-07-23 19:55:39.410881,60.0,89.0,3.43,48.8,84,11.683378219604492
2024-07-23 19:55:42.544627,61.0,88.0,3.24,48.7,84,13.242558479309082
2024-07-23 19:55:45.596326,61.0,84.0,3.46,48.7,84,12.975088119506836
2024-07-23 19:55:48.630005,61.0,88.4,3.46,49.2,84,11.62603759765625
2024-07-23 19:55:51.699461,66.0,83.8,3.5,49.3,83,12.462233543395996
2024-07-23 19:55:54.895574,58.0,86.6,3.38,49.1,83,10.296008110046387
2024-07-23 19:55:58.129369,59.0,87.2,3.38,49.4,83,10.009673118591309
2024-07-23 19:56:01.265689,59.0,85.6,3.35,49.3,83,10.516261100769043
2024-07-23 19:56:04.479796,63.0,85.3,3.35,48.9,83,12.93261432647705
2024-07-23 19:56:07.630289,59.0,91.3,3.4,49.0,83,9.770086288452148
2024-07-23 19:56:10.797215,65.0,80.1,3.37,49.4,83,13.411306381225586
2024-07-23 19:56:13.923725,61.0,92.6,3.37,49.6,83,11.184494972229004
2024-07-23 19:56:17.132020,73.0,81.8,3.26,50.0,83,16.066190719604492
2024-07-23 19:56:20.248581,63.0,89.5,3.4,49.6,83,11.421651840209961
2024-07-23 19:56:23.446515,61.0,83.3,3.4,50.1,83,12.779203414916992
2024-07-23 19:56:26.548208,60.0,86.5,3.29,49.9,83,11.906121253967285
2024-07-23 19:56:29.700803,60.0,80.8,3.29,50.0,83,10.334993362426758
2024-07-23 19:56:32.815952,61.0,91.4,3.18,49.5,82,10.19101333618164
2024-07-23 19:56:35.964733,58.0,84.2,2.93,49.8,82,12.025564193725586
2024-07-23 19:56:39.083539,60.0,86.3,2.93,49.6,82,9.974018096923828
2024-07-23 19:56:42.149428,61.0,83.2,3.1,49.8,82,14.91970157623291
2024-07-23 19:56:45.199771,61.0,80.3,2.85,50.4,82,12.034594535827637
2024-07-23 19:56:48.393612,59.0,70.4,2.85,49.3,82,9.778290748596191
2024-07-23 19:56:51.462086,58.0,77.0,2.62,48.8,82,8.67483139038086
2024-07-23 19:56:54.598954,58.0,85.3,2.62,49.1,82,11.02205753326416
2024-07-23 19:56:57.734830,60.0,82.6,2.41,49.0,82,10.896523475646973
2024-07-23 19:57:00.901817,58.0,77.7,2.62,49.1,82,9.635529518127441
2024-07-23 19:57:04.035615,58.0,81.4,2.62,48.7,82,9.49936294555664
2024-07-23 19:57:07.084665,58.0,84.9,2.57,48.5,82,9.870768547058105
2024-07-23 19:57:10.151598,58.0,81.8,2.36,48.6,82,10.956111907958984
2024-07-23 19:57:13.201867,58.0,82.1,2.36,48.6,81,9.49837589263916
2024-07-23 19:57:16.268758,60.0,75.0,2.41,48.9,81,11.801756858825684
2024-07-23 19:57:19.311725,58.0,84.6,2.41,48.8,81,8.949402809143066
2024-07-23 19:57:22.452561,59.0,83.6,2.38,48.5,81,10.022850036621094
2024-07-23 19:57:25.602499,56.0,89.7,2.35,48.6,81,9.852262496948242
2024-07-23 19:57:28.686298,59.0,85.6,2.35,48.7,81,10.04874324798584
2024-07-23 19:57:31.770026,56.0,89.5,2.32,48.9,81,9.977164268493652
2024-07-23 19:57:34.857650,59.0,79.4,2.32,48.7,81,11.270505905151367
2024-07-23 19:57:37.904788,57.0,86.0,2.38,48.4,81,9.840929985046387
2024-07-23 19:57:41.022328,57.0,83.1,2.19,48.8,81,8.792198181152344
2024-07-23 19:57:44.088561,59.0,81.0,2.19,48.7,81,10.256792068481445
2024-07-23 19:57:47.188508,57.0,82.9,2.73,48.4,81,8.443389892578125
2024-07-23 19:57:50.305259,57.0,81.8,3.07,48.6,80,10.361992835998535
2024-07-23 19:57:53.538623,62.0,76.2,3.07,48.7,80,10.403164863586426
2024-07-23 19:57:56.657026,58.0,81.8,2.83,48.8,80,9.397079467773438
2024-07-23 19:57:59.755565,58.0,92.0,2.83,48.6,80,9.40531063079834
2024-07-23 19:58:02.902097,57.0,85.6,2.76,48.4,80,10.50474739074707
2024-07-23 19:58:05.989411,57.0,82.1,3.1,48.4,80,9.158329963684082
2024-07-23 19:58:09.058072,57.0,82.7,3.1,48.6,80,11.566461563110352
2024-07-23 19:58:12.023199,61.0,75.0,3.41,48.9,80,11.27991008758545
2024-07-23 19:58:15.090096,59.0,79.7,3.14,48.5,80,10.670605659484863
2024-07-23 19:58:18.265348,58.0,80.6,3.14,48.7,80,11.434159278869629
2024-07-23 19:58:21.340456,56.0,81.8,2.89,48.7,80,9.444705963134766
2024-07-23 19:58:24.474097,59.0,82.9,2.89,48.8,80,9.223955154418945
2024-07-23 19:58:27.550934,59.0,86.3,3.22,48.6,80,11.863003730773926
2024-07-23 19:58:30.724646,60.0,75.3,2.96,49.0,79,11.009703636169434
2024-07-23 19:58:33.869451,58.0,85.4,2.96,48.7,79,10.475308418273926
2024-07-23 19:58:37.042476,58.0,86.5,2.8,48.6,79,10.541971206665039
2024-07-23 19:58:40.151078,58.0,73.0,2.8,48.8,79,10.372008323669434
2024-07-23 19:58:43.151812,60.0,83.5,2.58,48.4,79,10.302253723144531
2024-07-23 19:58:46.059231,59.0,80.9,2.37,48.6,79,10.294556617736816
2024-07-23 19:58:49.192852,59.0,78.1,2.37,48.5,79,10.356489181518555
2024-07-23 19:58:52.159830,57.0,80.4,2.58,48.8,79,10.218290328979492
2024-07-23 19:58:55.269459,58.0,84.7,2.78,48.7,79,10.21413516998291
2024-07-23 19:58:58.351348,58.0,86.0,2.78,48.7,79,9.812355041503906
2024-07-23 19:59:01.360314,56.0,84.3,2.87,48.4,79,9.843067169189453
2024-07-23 19:59:04.502060,58.0,84.6,2.87,48.4,79,9.583162307739258
2024-07-23 19:59:07.553212,58.0,84.8,2.64,48.7,79,10.421910285949707
2024-07-23 19:59:10.770716,57.0,81.1,2.59,48.6,79,10.587211608886719
2024-07-23 19:59:13.761431,58.0,80.0,2.59,48.6,78,9.283215522766113
2024-07-23 19:59:16.811664,57.0,79.1,2.47,48.6,78,10.291197776794434
2024-07-23 19:59:19.887082,58.0,88.7,2.47,48.4,78,12.030689239501953
2024-07-23 19:59:23.013632,59.0,82.0,2.91,48.5,78,10.781771659851074
2024-07-23 19:59:26.229983,59.0,79.1,2.68,48.6,78,10.269153594970703
2024-07-23 19:59:29.312645,58.0,78.9,2.68,48.4,78,10.04588794708252
2024-07-23 19:59:32.387609,57.0,81.9,2.54,48.8,78,10.740739822387695
2024-07-23 19:59:35.479863,61.0,82.9,2.34,48.6,78,10.75084114074707
2024-07-23 19:59:38.613352,59.0,84.1,2.34,48.4,78,11.322638511657715
2024-07-23 19:59:41.606680,58.0,87.1,2.55,48.7,78,12.01364803314209
2024-07-23 19:59:44.648737,58.0,85.1,2.55,48.8,78,11.019930839538574
2024-07-23 19:59:47.764861,59.0,85.4,2.51,48.5,78,10.449750900268555
2024-07-23 19:59:50.846858,58.0,85.7,2.39,48.6,78,9.634554862976074
2024-07-23 19:59:53.964483,60.0,85.1,2.39,48.6,78,10.441685676574707
2024-07-23 19:59:57.109657,58.0,85.9,2.2,48.6,78,9.962430000305176
2024-07-23 20:00:00.148520,57.0,78.0,2.2,48.7,78,10.025857925415039
2024-07-23 20:00:03.199070,61.0,82.5,2.02,48.7,78,10.21119499206543
2024-07-23 20:00:06.483423,61.0,77.9,1.86,49.1,78,11.299637794494629
2024-07-23 20:00:09.584096,58.0,89.2,1.86,49.8,77,9.74462890625
2024-07-23 20:00:12.900112,76.0,78.9,2.03,49.5,77,29.405628204345703
2024-07-23 20:00:15.766216,80.0,80.8,1.95,49.1,77,30.267518997192383
2024-07-23 20:00:18.649775,82.0,77.1,1.95,49.4,77,31.239259719848633
2024-07-23 20:00:21.515501,91.0,80.5,2.03,49.4,77,33.27992630004883
2024-07-23 20:00:24.383521,98.0,82.8,2.03,49.4,77,35.092262268066406
2024-07-23 20:00:27.267144,85.0,79.2,1.87,49.2,77,31.847015380859375
2024-07-23 20:00:30.184041,80.0,85.4,1.88,49.4,77,24.793399810791016
2024-07-23 20:00:33.450543,77.0,86.0,1.88,49.2,77,20.015913009643555
2024-07-23 20:00:36.584610,81.0,82.0,2.29,49.1,77,19.68560218811035
2024-07-23 20:00:39.651493,79.0,86.5,2.29,49.3,77,20.707904815673828
2024-07-23 20:00:42.818302,79.0,83.0,2.43,49.1,77,19.993507385253906
2024-07-23 20:00:45.885281,74.0,76.6,2.31,48.9,77,21.052587509155273
2024-07-23 20:00:48.952201,74.0,82.8,2.31,49.2,77,20.153505325317383
2024-07-23 20:00:52.036717,77.0,81.7,2.37,48.9,77,19.702308654785156
2024-07-23 20:00:55.152679,80.0,81.8,2.37,49.0,77,21.182764053344727
2024-07-23 20:00:58.236279,81.0,81.7,2.18,48.8,77,22.393234252929688
2024-07-23 20:01:01.336595,83.0,90.3,2.0,49.0,78,21.710735321044922
2024-07-23 20:01:04.403418,76.0,82.2,2.0,48.9,78,20.518659591674805
2024-07-23 20:01:07.437490,79.0,77.8,2.16,49.0,78,20.919239044189453
2024-07-23 20:01:10.486938,81.0,79.3,2.15,49.1,78,22.34556007385254
2024-07-23 20:01:13.604033,77.0,90.1,2.15,49.3,78,21.558855056762695
2024-07-23 20:01:16.654396,78.0,81.1,2.22,49.1,78,19.240039825439453
2024-07-23 20:01:19.687989,74.0,76.9,2.22,49.1,78,20.403451919555664
2024-07-23 20:01:22.738235,82.0,86.3,2.12,49.3,78,21.5733699798584
2024-07-23 20:01:25.944198,81.0,78.1,2.11,48.9,78,21.98354721069336
2024-07-23 20:01:28.988713,74.0,79.2,2.11,49.0,78,20.279905319213867
2024-07-23 20:01:31.988932,74.0,91.1,2.34,48.7,78,20.671310424804688
2024-07-23 20:01:35.005823,77.0,83.5,2.34,48.7,78,22.43660545349121
2024-07-23 20:01:38.139429,78.0,81.4,2.39,48.6,78,21.095260620117188
2024-07-23 20:01:41.306369,80.0,81.7,2.28,48.8,78,22.338682174682617
2024-07-23 20:01:44.354955,77.0,79.0,2.28,48.7,78,20.219038009643555
2024-07-23 20:01:47.448797,80.0,78.5,2.1,48.6,78,21.198972702026367
2024-07-23 20:01:50.573772,84.0,77.8,1.93,48.7,78,22.339885711669922
2024-07-23 20:01:53.624643,82.0,75.9,1.93,48.8,78,21.78799819946289
2024-07-23 20:01:56.675282,72.0,77.2,1.78,48.8,78,21.1375675201416
2024-07-23 20:01:59.757743,80.0,83.1,1.78,49.0,78,21.76095962524414
2024-07-23 20:02:02.892376,79.0,79.7,1.64,48.9,78,22.90057945251465
2024-07-23 20:02:05.991705,78.0,78.7,1.9,48.8,78,22.24661636352539
2024-07-23 20:02:09.057191,75.0,77.2,1.9,48.8,78,21.708030700683594
2024-07-23 20:02:12.109792,76.0,83.6,2.23,48.6,79,20.28110694885254
2024-07-23 20:02:15.209061,82.0,78.3,2.23,48.7,79,20.95252227783203
2024-07-23 20:02:18.342923,85.0,81.4,2.37,49.0,79,20.74838638305664
2024-07-23 20:02:21.609535,77.0,80.3,2.18,48.7,79,20.724573135375977
2024-07-23 20:02:24.659750,77.0,80.5,2.18,48.7,79,19.02165412902832
2024-07-23 20:02:27.743359,79.0,82.7,2.01,48.7,79,20.453765869140625
2024-07-23 20:02:30.793167,85.0,75.2,1.85,49.0,79,23.224639892578125
2024-07-23 20:02:33.893833,76.0,81.0,1.85,49.1,79,23.180923461914062
2024-07-23 20:02:36.994087,75.0,80.1,2.1,48.7,79,23.322696685791016
2024-07-23 20:02:40.095305,77.0,79.3,2.1,48.8,79,19.187288284301758
2024-07-23 20:02:43.294234,80.0,85.7,2.17,48.8,79,21.77861785888672
2024-07-23 20:02:46.444890,83.0,89.4,2.08,48.8,79,22.244922637939453
2024-07-23 20:02:49.428253,79.0,83.1,2.08,48.6,79,20.26628875732422
2024-07-23 20:02:52.528723,76.0,82.0,2.39,48.8,79,19.72517967224121
2024-07-23 20:02:55.677339,81.0,82.8,2.52,49.0,79,21.559064865112305
2024-07-23 20:02:58.796771,79.0,82.5,2.52,48.7,79,20.488407135009766
2024-07-23 20:03:01.962787,85.0,82.5,2.4,48.8,79,21.409526824951172
2024-07-23 20:03:04.979674,81.0,81.4,2.4,49.0,79,20.184011459350586
2024-07-23 20:03:08.029920,77.0,88.7,2.37,48.7,79,19.993244171142578
2024-07-23 20:03:11.080162,80.0,90.9,2.18,48.9,80,22.69658660888672
2024-07-23 20:03:14.153387,83.0,85.1,2.18,49.0,80,21.485092163085938
2024-07-23 20:03:17.263978,76.0,85.1,2.08,48.8,80,19.923532485961914
2024-07-23 20:03:20.297607,79.0,87.4,2.08,48.7,80,21.1216983795166
2024-07-23 20:03:23.415443,80.0,82.9,2.24,49.0,80,20.69792938232422
2024-07-23 20:03:26.549200,82.0,81.1,2.62,49.1,80,22.95562744140625
2024-07-23 20:03:29.603800,83.0,86.9,2.62,49.1,80,20.592655181884766
2024-07-23 20:03:32.631889,81.0,81.9,2.41,48.7,80,20.134008407592773
2024-07-23 20:03:35.682115,81.0,85.1,2.22,48.7,80,21.651580810546875
2024-07-23 20:03:38.782188,81.0,80.0,2.22,48.8,80,19.647199630737305
2024-07-23 20:03:41.900328,80.0,90.4,2.52,48.6,80,21.71988296508789
2024-07-23 20:03:44.966161,74.0,82.2,2.52,48.8,80,18.935653686523438
2024-07-23 20:03:48.050919,75.0,78.1,2.32,48.8,80,20.639055252075195
2024-07-23 20:03:51.125584,78.0,88.5,2.13,48.7,80,21.53734588623047
2024-07-23 20:03:54.267911,80.0,77.7,2.13,48.9,80,21.069364547729492
2024-07-23 20:03:57.351569,79.0,78.4,1.96,48.7,80,18.413843154907227
2024-07-23 20:04:00.524256,81.0,80.8,2.12,48.5,80,22.117128372192383
2024-07-23 20:04:03.635117,85.0,83.2,2.12,48.9,80,19.88322639465332
2024-07-23 20:04:06.784372,82.0,81.0,2.27,48.9,80,21.4438533782959
2024-07-23 20:04:09.901476,78.0,84.9,2.27,48.7,80,20.44158935546875
2024-07-23 20:04:12.901732,75.0,86.3,2.49,49.0,80,21.221397399902344
2024-07-23 20:04:16.017966,78.0,83.8,2.29,48.7,80,21.202688217163086
2024-07-23 20:04:19.093794,83.0,78.4,2.29,48.8,80,22.8919734954834
2024-07-23 20:04:22.168721,74.0,86.7,2.75,48.9,80,20.93643569946289
2024-07-23 20:04:25.220292,74.0,88.1,2.75,48.8,80,20.283042907714844
2024-07-23 20:04:28.253895,79.0,85.3,2.61,48.9,80,21.307363510131836
2024-07-23 20:04:31.370504,85.0,77.6,2.8,48.6,81,21.63119888305664
2024-07-23 20:04:34.460016,80.0,87.1,2.8,49.3,81,19.396697998046875
2024-07-23 20:04:37.637047,78.0,80.1,2.58,48.9,81,18.686243057250977
2024-07-23 20:04:40.671600,81.0,80.7,2.37,48.6,81,21.017444610595703
2024-07-23 20:04:43.737530,77.0,86.6,2.37,49.0,81,21.821678161621094
2024-07-23 20:04:46.770949,81.0,87.1,2.5,48.6,81,20.063945770263672
2024-07-23 20:04:49.922023,82.0,80.3,2.5,48.8,81,22.255859375
2024-07-23 20:04:52.955741,75.0,81.8,2.3,48.6,81,19.490663528442383
2024-07-23 20:04:56.038451,81.0,82.6,2.12,48.8,81,20.820446014404297
2024-07-23 20:04:59.155857,83.0,81.1,2.12,48.9,81,21.63036346435547
2024-07-23 20:05:02.239014,75.0,83.7,2.35,49.2,81,19.72753143310547
2024-07-23 20:05:05.289233,79.0,85.4,2.35,48.8,81,19.404096603393555
2024-07-23 20:05:08.323613,74.0,86.5,2.32,49.1,81,19.808347702026367
2024-07-23 20:05:11.473020,81.0,87.3,2.53,48.7,81,22.77703094482422
2024-07-23 20:05:14.573295,83.0,84.3,2.53,49.0,81,20.636005401611328
2024-07-23 20:05:17.573461,78.0,78.2,2.49,48.8,81,18.853782653808594
2024-07-23 20:05:20.640579,80.0,84.1,2.37,48.6,81,21.529584884643555
2024-07-23 20:05:23.707301,84.0,78.2,2.37,48.9,81,22.985427856445312
2024-07-23 20:05:26.855836,74.0,77.6,2.18,48.8,81,21.388057708740234
2024-07-23 20:05:29.848043,80.0,80.3,2.18,49.0,81,20.037626266479492
2024-07-23 20:05:32.958787,76.0,77.2,2.17,49.4,81,18.173519134521484
2024-07-23 20:05:36.057702,83.0,83.7,1.99,48.7,81,21.909198760986328
2024-07-23 20:05:39.208569,75.0,88.1,1.99,48.8,81,22.252349853515625
2024-07-23 20:05:42.242145,78.0,85.4,1.84,48.7,81,20.67965316772461
2024-07-23 20:05:45.242736,72.0,83.1,1.84,49.0,81,20.270626068115234
2024-07-23 20:05:48.260324,83.0,84.7,1.69,48.6,81,20.541990280151367
2024-07-23 20:05:51.393960,83.0,81.7,1.87,48.9,82,21.737869262695312
2024-07-23 20:05:54.509763,77.0,84.9,1.87,48.6,82,18.64441680908203
2024-07-23 20:05:57.535431,78.0,78.1,2.04,48.6,82,19.112197875976562
2024-07-23 20:06:00.576981,80.0,83.9,1.88,48.6,82,22.003355026245117
2024-07-23 20:06:03.660531,84.0,86.7,1.88,48.8,82,22.760557174682617
2024-07-23 20:06:06.760746,79.0,86.3,1.73,48.7,82,21.822925567626953
2024-07-23 20:06:09.812080,78.0,76.4,1.73,49.0,82,20.389467239379883
2024-07-23 20:06:12.861233,82.0,80.7,1.75,48.8,82,20.918842315673828
2024-07-23 20:06:15.961531,80.0,81.5,1.61,48.6,82,22.0682373046875
2024-07-23 20:06:19.077694,78.0,83.0,1.61,48.5,82,20.58468246459961
2024-07-23 20:06:22.079255,83.0,86.5,1.72,48.6,82,20.5019588470459
2024-07-23 20:06:25.177507,76.0,82.2,1.72,48.8,82,19.651456832885742
2024-07-23 20:06:28.254143,82.0,81.6,1.82,48.5,82,23.636436462402344
2024-07-23 20:06:31.430426,82.0,83.9,1.68,49.0,82,20.7258358001709
2024-07-23 20:06:34.563054,81.0,83.3,1.68,49.2,82,18.48517608642578
2024-07-23 20:06:37.679900,77.0,82.7,1.7,49.1,82,22.239765167236328
2024-07-23 20:06:40.796392,81.0,80.2,1.89,48.9,82,20.63432502746582
2024-07-23 20:06:43.914702,78.0,85.5,1.89,48.6,82,19.887834548950195
2024-07-23 20:06:47.064697,80.0,81.9,1.98,48.7,82,21.610647201538086
2024-07-23 20:06:50.081973,82.0,83.1,1.98,48.5,82,19.84478759765625
2024-07-23 20:06:53.164471,81.0,84.6,1.82,48.9,83,18.869029998779297
2024-07-23 20:06:56.415724,78.0,83.8,1.67,48.6,83,21.479074478149414
2024-07-23 20:06:59.532497,75.0,84.9,1.67,48.8,83,20.921180725097656
2024-07-23 20:07:02.582893,77.0,81.6,1.62,49.0,83,18.574260711669922
2024-07-23 20:07:05.632782,82.0,83.1,1.49,48.9,83,21.887279510498047
2024-07-23 20:07:08.783385,79.0,79.4,1.49,48.7,83,20.38796615600586
2024-07-23 20:07:11.915931,84.0,85.6,1.37,48.8,83,20.22686195373535
2024-07-23 20:07:14.983262,84.0,85.0,1.37,48.6,83,21.091934204101562
2024-07-23 20:07:18.049749,77.0,80.2,1.26,48.6,83,19.635395050048828
2024-07-23 20:07:21.133309,79.0,81.0,1.48,48.6,83,21.08685302734375
2024-07-23 20:07:24.233458,79.0,84.7,1.48,48.5,83,21.422107696533203
2024-07-23 20:07:27.316482,80.0,80.5,1.68,48.7,83,20.39754295349121
2024-07-23 20:07:30.384009,74.0,79.2,1.68,48.6,83,18.538169860839844
2024-07-23 20:07:33.451957,81.0,81.7,1.63,48.6,83,21.10951042175293
2024-07-23 20:07:36.585354,84.0,80.6,1.5,48.7,83,22.28023338317871
2024-07-23 20:07:39.716779,81.0,81.0,1.5,48.6,83,21.220535278320312
2024-07-23 20:07:42.817414,80.0,78.7,1.54,48.5,83,18.096363067626953
2024-07-23 20:07:45.885321,82.0,78.7,1.41,48.5,83,22.82879066467285
2024-07-23 20:07:48.919450,82.0,84.4,1.41,48.8,83,22.570165634155273
2024-07-23 20:07:52.069074,85.0,80.7,1.3,48.5,83,22.442487716674805
2024-07-23 20:07:55.141842,81.0,87.0,1.3,48.7,83,20.141752243041992
2024-07-23 20:07:58.253004,78.0,83.4,1.2,48.7,83,19.934675216674805
2024-07-23 20:08:01.329049,83.0,78.3,1.18,48.6,83,21.08637046813965
2024-07-23 20:08:04.536543,81.0,86.6,1.18,48.5,83,19.659767150878906
2024-07-23 20:08:07.638180,82.0,92.8,1.41,48.8,84,19.60649299621582
2024-07-23 20:08:10.703935,78.0,93.4,1.61,50.6,84,20.759061813354492
2024-07-23 20:08:13.904212,79.0,85.6,1.61,51.2,84,21.131174087524414
2024-07-23 20:08:17.094961,81.0,91.3,1.57,49.7,84,19.91071891784668
2024-07-23 20:08:20.289103,81.0,94.0,1.57,49.4,84,24.50201988220215
2024-07-23 20:08:23.521658,76.0,92.1,1.44,49.5,84,19.78529930114746
2024-07-23 20:08:26.606219,73.0,88.5,1.56,51.4,84,20.708843231201172
2024-07-23 20:08:29.789897,82.0,91.1,1.56,51.8,84,22.14423179626465
2024-07-23 20:08:33.091409,79.0,88.2,1.68,50.3,84,23.10262680053711
2024-07-23 20:08:36.356020,82.0,89.9,1.79,50.0,84,21.70718765258789
2024-07-23 20:08:39.623873,82.0,83.4,1.79,50.1,84,20.569137573242188
2024-07-23 20:08:42.840428,81.0,85.5,1.88,50.3,84,19.612102508544922
2024-07-23 20:08:46.091043,82.0,82.5,1.97,50.6,84,19.92552947998047
2024-07-23 20:08:49.373695,80.0,85.5,1.97,50.3,84,22.59773063659668
2024-07-23 20:08:52.773921,83.0,83.5,1.81,50.1,84,21.289508819580078
2024-07-23 20:08:55.990796,84.0,86.3,1.83,50.2,84,20.915380477905273
2024-07-23 20:08:59.225505,81.0,91.3,1.83,50.7,84,21.309839248657227
2024-07-23 20:09:02.383812,80.0,87.5,1.84,50.3,84,20.052785873413086
2024-07-23 20:09:05.631424,82.0,87.3,1.7,50.1,84,21.796144485473633
2024-07-23 20:09:08.809635,87.0,86.0,1.7,50.3,84,19.817588806152344
2024-07-23 20:09:11.992193,85.0,89.3,1.8,50.2,84,21.54476547241211
2024-07-23 20:09:15.398631,82.0,89.5,1.8,50.5,84,20.906709671020508
2024-07-23 20:09:18.535263,79.0,88.4,1.66,50.3,84,20.333965301513672
2024-07-23 20:09:21.792986,83.0,85.9,2.0,50.6,84,21.974254608154297
2024-07-23 20:09:25.026514,82.0,91.7,2.0,50.6,84,19.857772827148438
2024-07-23 20:09:28.277827,84.0,84.1,1.84,50.8,84,20.946788787841797
2024-07-23 20:09:31.478017,81.0,86.4,1.78,50.7,85,19.313030242919922
2024-07-23 20:09:34.710643,78.0,87.5,1.78,50.5,85,19.67462730407715
2024-07-23 20:09:37.976377,79.0,88.2,1.87,50.7,85,20.42324447631836
2024-07-23 20:09:41.211187,85.0,85.4,1.88,50.7,85,23.48075294494629
2024-07-23 20:09:44.477956,87.0,82.2,1.88,50.6,85,22.190685272216797
2024-07-23 20:09:47.728226,83.0,87.1,1.97,50.6,85,21.679471969604492
2024-07-23 20:09:50.962181,81.0,85.9,1.89,50.7,85,20.884010314941406
2024-07-23 20:09:54.178702,80.0,87.4,1.89,51.0,85,18.222848892211914
2024-07-23 20:09:57.354680,82.0,84.0,2.06,50.8,85,22.647356033325195
2024-07-23 20:10:00.612574,83.0,88.5,2.06,51.0,85,19.841062545776367
2024-07-23 20:10:03.879594,81.0,91.9,2.06,50.6,85,20.827714920043945
2024-07-23 20:10:07.080905,79.0,85.0,1.89,50.6,85,20.393688201904297
2024-07-23 20:10:10.096837,82.0,89.7,1.89,50.7,85,19.752925872802734
2024-07-23 20:10:13.380406,84.0,91.4,1.74,50.8,85,20.33925437927246
2024-07-23 20:10:16.681797,87.0,87.8,1.92,51.2,85,23.126550674438477
2024-07-23 20:10:19.964495,81.0,92.8,1.92,51.4,85,20.757766723632812
2024-07-23 20:10:23.380288,83.0,81.9,1.77,51.8,85,19.545982360839844
2024-07-23 20:10:26.745192,80.0,92.0,1.63,51.9,85,19.976224899291992
2024-07-23 20:10:30.143654,81.0,85.0,1.63,49.4,85,18.34857940673828
2024-07-23 20:10:33.704016,81.0,85.7,1.74,49.2,85,22.046361923217773
2024-07-23 20:10:36.788958,89.0,85.3,1.76,49.3,85,21.22843360900879
2024-07-23 20:10:39.854279,78.0,82.0,1.76,49.2,85,22.212512969970703
2024-07-23 20:10:42.916032,81.0,81.1,1.78,49.2,85,20.229562759399414
2024-07-23 20:10:45.966281,82.0,82.7,1.72,49.0,85,20.339887619018555
2024-07-23 20:10:49.016158,85.0,86.6,1.72,48.8,85,21.194257736206055
2024-07-23 20:10:52.148808,88.0,84.0,1.74,48.9,86,21.49431610107422
2024-07-23 20:10:55.348355,83.0,85.7,1.74,48.7,86,19.60279655456543
2024-07-23 20:10:58.390957,79.0,78.4,1.6,49.1,86,18.3844051361084
2024-07-23 20:11:01.501629,80.0,83.2,1.79,49.3,86,24.549976348876953
2024-07-23 20:11:04.617723,89.0,78.4,1.79,49.2,86,22.549068450927734
2024-07-23 20:11:07.701314,87.0,79.1,1.65,49.1,86,19.570714950561523
2024-07-23 20:11:10.785761,78.0,86.7,1.52,49.4,86,21.155948638916016
2024-07-23 20:11:13.840652,85.0,81.3,1.52,49.0,86,22.42652702331543
2024-07-23 20:11:17.001894,89.0,80.5,1.39,49.0,86,21.654367446899414
2024-07-23 20:11:20.218946,83.0,83.2,1.39,48.9,86,20.525012969970703
2024-07-23 20:11:23.403581,83.0,89.2,1.44,49.1,86,19.907690048217773
2024-07-23 20:11:26.469472,85.0,83.3,1.57,49.5,86,19.75681495666504
2024-07-23 20:11:29.586389,81.0,81.0,1.57,49.8,86,21.328472137451172
2024-07-23 20:11:32.719978,83.0,86.3,1.44,49.2,86,19.81584930419922
2024-07-23 20:11:35.886755,82.0,80.6,1.57,49.2,86,18.994552612304688
2024-07-23 20:11:39.020896,82.0,82.1,1.57,49.1,86,19.992511749267578
2024-07-23 20:11:42.071598,82.0,79.2,1.44,48.8,86,23.010757446289062
2024-07-23 20:11:45.271705,85.0,78.3,1.44,49.1,86,21.877912521362305
2024-07-23 20:11:48.371250,85.0,83.2,1.33,49.0,86,21.675987243652344
2024-07-23 20:11:51.405828,80.0,79.4,1.54,49.0,86,19.49163246154785
2024-07-23 20:11:54.488373,81.0,82.7,1.54,48.9,86,22.443307876586914
2024-07-23 20:11:57.588644,85.0,79.9,1.82,49.2,86,22.480487823486328
2024-07-23 20:12:00.772205,82.0,81.3,1.82,49.0,86,20.62866973876953
2024-07-23 20:12:03.789098,82.0,82.8,1.67,48.9,86,20.227375030517578
2024-07-23 20:12:06.906694,81.0,84.2,1.78,49.3,86,21.9954776763916
2024-07-23 20:12:10.006323,83.0,87.3,1.78,48.9,86,20.281694412231445
2024-07-23 20:12:13.089869,83.0,83.7,1.88,48.8,87,20.686548233032227
2024-07-23 20:12:16.190131,84.0,84.3,1.73,48.9,87,20.443395614624023
2024-07-23 20:12:19.240414,78.0,86.2,1.73,48.9,87,20.667959213256836
2024-07-23 20:12:22.390140,80.0,81.9,1.91,48.9,87,21.37845230102539
2024-07-23 20:12:25.524130,78.0,82.4,1.91,48.8,87,21.153297424316406
2024-07-23 20:12:28.582441,75.0,82.6,1.75,49.6,87,19.649425506591797
2024-07-23 20:12:31.675606,83.0,84.8,1.61,48.9,87,19.038715362548828
2024-07-23 20:12:34.824829,83.0,78.7,1.61,48.8,87,20.839128494262695
2024-07-23 20:12:37.975210,83.0,83.6,1.65,48.8,87,21.035844802856445
2024-07-23 20:12:41.007996,73.0,85.1,1.67,48.9,87,18.888517379760742
2024-07-23 20:12:44.158984,80.0,78.1,1.67,48.7,87,18.910112380981445
2024-07-23 20:12:47.325881,83.0,87.7,1.54,48.8,87,20.820785522460938
2024-07-23 20:12:50.459516,88.0,87.6,1.54,48.8,87,20.923828125
2024-07-23 20:12:53.527351,82.0,81.5,1.58,49.9,87,20.8843994140625
2024-07-23 20:12:56.660127,77.0,80.9,1.61,49.4,87,19.41979217529297
2024-07-23 20:12:59.726887,83.0,81.1,1.61,49.2,87,19.43628692626953
2024-07-23 20:13:02.893568,90.0,85.3,1.64,48.8,87,22.100528717041016
2024-07-23 20:13:06.010642,82.0,85.0,1.51,48.8,87,20.162084579467773
2024-07-23 20:13:09.110316,78.0,82.4,1.51,48.9,87,20.825977325439453
2024-07-23 20:13:12.144500,75.0,85.9,1.39,48.9,87,19.90830421447754
2024-07-23 20:13:15.228151,82.0,80.4,1.39,48.8,87,20.689495086669922
2024-07-23 20:13:18.311714,83.0,88.0,1.28,48.7,87,22.105817794799805
2024-07-23 20:13:21.362984,82.0,87.4,1.26,48.9,87,21.57145118713379
2024-07-23 20:13:24.362135,75.0,88.9,1.26,49.5,87,20.67377471923828
2024-07-23 20:13:27.584243,82.0,81.6,1.16,49.2,87,21.699281692504883
2024-07-23 20:13:30.729392,85.0,83.1,1.16,48.9,88,25.102333068847656
2024-07-23 20:13:33.879627,76.0,89.5,1.22,49.2,88,19.85890007019043
2024-07-23 20:13:36.913443,83.0,83.8,1.37,48.9,88,19.369810104370117
2024-07-23 20:13:40.013439,88.0,78.4,1.37,48.7,88,19.958681106567383
2024-07-23 20:13:43.147070,85.0,81.9,1.5,49.0,88,20.96929931640625
2024-07-23 20:13:46.248178,84.0,83.3,1.94,48.7,88,22.63161849975586
2024-07-23 20:13:49.380457,79.0,76.9,1.94,49.1,88,21.18802261352539
2024-07-23 20:13:52.632242,77.0,84.9,1.78,49.1,88,21.17447280883789
2024-07-23 20:13:55.715657,87.0,85.3,1.78,48.8,88,22.11395835876465
2024-07-23 20:13:58.823099,76.0,80.8,1.88,48.9,88,19.22853660583496
2024-07-23 20:14:01.898555,83.0,84.2,1.73,49.2,88,19.680776596069336
2024-07-23 20:14:04.998697,85.0,82.2,1.73,49.1,88,21.949827194213867
2024-07-23 20:14:08.116552,85.0,79.5,1.59,48.7,88,21.923561096191406
2024-07-23 20:14:11.183589,77.0,83.6,1.46,48.8,88,19.985986709594727
2024-07-23 20:14:14.200441,84.0,78.3,1.46,48.9,88,20.15812110900879
2024-07-23 20:14:17.348632,82.0,84.8,1.35,48.9,88,22.591777801513672
2024-07-23 20:14:20.449274,77.0,85.5,1.35,49.0,88,20.817974090576172
2024-07-23 20:14:23.517858,81.0,79.7,1.24,48.8,88,19.49864387512207
2024-07-23 20:14:26.600516,78.0,89.4,1.14,48.8,88,20.424428939819336
2024-07-23 20:14:29.667448,85.0,75.2,1.14,48.8,88,21.83296775817871
2024-07-23 20:14:32.834279,81.0,86.6,1.21,48.7,88,21.78787612915039
2024-07-23 20:14:35.917697,74.0,82.1,1.11,48.7,88,19.945005416870117
2024-07-23 20:14:39.007644,80.0,87.2,1.11,48.8,88,20.694656372070312
2024-07-23 20:14:42.101684,84.0,78.6,1.02,48.7,88,21.745986938476562
2024-07-23 20:14:45.169679,83.0,80.7,1.02,48.7,88,23.006793975830078
2024-07-23 20:14:48.235480,80.0,84.7,0.94,48.8,88,19.7662296295166
2024-07-23 20:14:51.307723,82.0,87.5,0.87,48.9,88,22.368623733520508
2024-07-23 20:14:54.437140,85.0,84.0,0.87,48.6,88,22.137216567993164
2024-07-23 20:14:57.486248,84.0,78.2,0.8,48.7,88,21.22977638244629
2024-07-23 20:15:00.586513,75.0,79.8,0.8,49.2,88,21.044790267944336
2024-07-23 20:15:03.853432,84.0,83.3,0.97,48.9,88,21.379886627197266
2024-07-23 20:15:06.953719,89.0,85.1,0.89,49.0,88,22.316940307617188
2024-07-23 20:15:10.054917,83.0,85.7,0.89,49.1,88,20.703584671020508
2024-07-23 20:15:13.105159,87.0,81.3,0.82,48.9,89,23.497600555419922
2024-07-23 20:15:16.154440,75.0,78.3,0.76,48.9,89,20.013635635375977
2024-07-23 20:15:19.187988,83.0,88.4,0.76,48.9,89,22.495635986328125
2024-07-23 20:15:22.404851,82.0,87.7,1.1,49.8,89,20.09925079345703
2024-07-23 20:15:25.671790,84.0,91.3,1.1,51.1,89,19.91360855102539
2024-07-23 20:15:28.864480,79.0,93.5,1.01,51.4,89,22.44493865966797
2024-07-23 20:15:32.075320,80.0,90.6,1.33,51.3,89,21.08542251586914
2024-07-23 20:15:35.356139,80.0,89.8,1.33,50.8,89,21.21226692199707
2024-07-23 20:15:38.622939,83.0,85.4,1.38,50.8,89,22.48871612548828
2024-07-23 20:15:41.873833,79.0,90.2,1.59,50.6,89,22.319576263427734
2024-07-23 20:15:45.089718,82.0,87.6,1.59,50.7,89,20.194252014160156
2024-07-23 20:15:48.406608,81.0,90.2,1.86,50.2,89,20.16346549987793
2024-07-23 20:15:51.724032,82.0,84.1,1.71,50.0,89,22.909997940063477
2024-07-23 20:15:55.074195,89.0,95.5,1.71,50.5,89,23.567493438720703
2024-07-23 20:15:58.324977,82.0,87.6,1.58,50.7,89,22.574777603149414
2024-07-23 20:16:01.575143,82.0,90.6,1.45,51.0,89,19.845380783081055
2024-07-23 20:16:04.855532,82.0,90.9,1.45,50.6,89,21.976425170898438
2024-07-23 20:16:08.158132,80.0,86.6,1.34,50.3,89,20.311891555786133
2024-07-23 20:16:11.458167,82.0,88.8,1.23,50.4,89,21.816335678100586
2024-07-23 20:16:14.925722,87.0,81.8,1.23,50.4,89,20.424604415893555
2024-07-23 20:16:18.227103,85.0,88.3,1.45,53.9,89,22.543249130249023
2024-07-23 20:16:21.408922,81.0,89.6,1.33,52.1,89,20.6247615814209
2024-07-23 20:16:24.559905,79.0,84.7,1.33,52.1,89,18.859519958496094
2024-07-23 20:16:27.876791,82.0,88.1,1.31,52.1,89,22.692974090576172
2024-07-23 20:16:31.202461,78.0,90.1,1.2,52.3,89,21.9438533782959
2024-07-23 20:16:34.509290,85.0,88.1,1.2,52.7,89,20.297521591186523
2024-07-23 20:16:37.744165,78.0,83.0,1.51,52.2,89,20.189292907714844
2024-07-23 20:16:41.112073,81.0,88.4,1.39,52.6,89,21.848718643188477
2024-07-23 20:16:44.444742,83.0,88.0,1.39,52.5,89,22.584007263183594
2024-07-23 20:16:47.780754,82.0,89.0,1.68,52.7,89,21.06574821472168
2024-07-23 20:16:51.137227,82.0,89.5,1.7,52.9,90,20.37432289123535
2024-07-23 20:16:54.396788,83.0,90.3,1.7,53.2,90,20.82077980041504
2024-07-23 20:16:57.630187,84.0,82.4,1.57,53.6,90,20.259681701660156
2024-07-23 20:17:00.976296,80.0,92.4,1.68,54.0,90,21.13104248046875
2024-07-23 20:17:04.216759,84.0,79.7,1.68,54.1,90,22.041955947875977
2024-07-23 20:17:07.454766,83.0,77.0,1.55,54.3,90,22.43465805053711
2024-07-23 20:17:10.661208,81.0,73.2,1.55,54.5,90,19.806739807128906
2024-07-23 20:17:13.828116,81.0,74.6,1.42,54.4,90,21.354820251464844
2024-07-23 20:17:17.038005,84.0,89.4,1.87,54.6,90,20.470523834228516
2024-07-23 20:17:20.411146,79.0,84.9,1.87,54.9,90,21.60538101196289
2024-07-23 20:17:23.684224,83.0,88.0,1.88,55.5,90,21.092897415161133
2024-07-23 20:17:26.898648,84.0,0.2,1.73,55.5,90,21.03078269958496
2024-07-23 20:17:29.367130,65.0,1.0,1.73,55.3,90,3.188133716583252
2024-07-23 20:17:31.833832,67.0,79.2,1.91,55.4,90,4.663747310638428
2024-07-23 20:17:34.872843,100.0,71.1,1.91,55.4,90,30.429994583129883
2024-07-23 20:17:37.841306,100.0,73.8,2.24,55.6,90,31.668529510498047
2024-07-23 20:17:41.106619,83.0,81.5,2.14,55.6,90,19.684389114379883
2024-07-23 20:17:44.465672,83.0,80.7,2.14,54.4,90,20.05443572998047
2024-07-23 20:17:47.902840,85.0,76.6,2.21,54.4,90,20.414888381958008
2024-07-23 20:17:51.248890,84.0,82.2,2.19,55.2,90,20.314971923828125
2024-07-23 20:17:54.599908,81.0,80.7,2.19,55.1,90,20.236608505249023
2024-07-23 20:17:57.967164,76.0,87.0,2.18,55.3,90,22.40134048461914
2024-07-23 20:18:01.268503,80.0,89.7,2.16,55.0,90,19.164085388183594
2024-07-23 20:18:04.559955,84.0,85.9,2.16,54.5,90,21.350521087646484
2024-07-23 20:18:07.901364,83.0,90.6,2.39,55.1,90,22.397550582885742
2024-07-23 20:18:11.318254,83.0,93.6,2.2,55.2,90,21.62335205078125
2024-07-23 20:18:14.618537,81.0,87.5,2.2,55.2,90,20.677499771118164
2024-07-23 20:18:17.985508,78.0,90.5,2.1,55.6,90,20.86452293395996
2024-07-23 20:18:21.252398,83.0,81.6,1.93,55.3,90,19.8798885345459
2024-07-23 20:18:24.487038,79.0,89.6,1.93,55.6,90,22.70913314819336
2024-07-23 20:18:27.786310,85.0,88.6,2.26,56.0,90,21.748291015625
2024-07-23 20:18:31.037619,81.0,88.3,2.26,55.9,91,20.357810974121094
2024-07-23 20:18:34.104651,78.0,88.5,2.08,56.1,91,20.894548416137695
2024-07-23 20:18:37.438094,84.0,87.9,1.91,55.9,91,20.581506729125977
2024-07-23 20:18:40.721860,83.0,80.9,1.91,56.1,91,21.09408187866211
2024-07-23 20:18:44.037510,81.0,91.6,2.0,56.4,91,20.40595245361328
2024-07-23 20:18:47.337800,83.0,92.3,2.16,56.4,91,22.437236785888672
2024-07-23 20:18:50.613244,82.0,88.0,2.16,56.6,91,19.683740615844727
2024-07-23 20:18:53.888085,82.0,76.3,2.39,56.6,91,21.842533111572266
2024-07-23 20:18:57.213986,82.0,87.6,2.67,56.5,91,21.2750186920166
2024-07-23 20:19:00.406523,84.0,93.0,2.67,56.9,91,22.678964614868164
2024-07-23 20:19:03.739108,83.0,86.8,2.78,57.2,91,21.98602294921875
2024-07-23 20:19:06.939405,83.0,88.1,2.56,57.0,91,19.068838119506836
2024-07-23 20:19:10.039534,84.0,88.0,2.56,57.5,91,20.04258155822754
2024-07-23 20:19:13.340975,84.0,80.6,2.67,57.1,91,22.12125587463379
2024-07-23 20:19:16.641067,84.0,83.9,2.46,57.8,91,20.81597137451172
2024-07-23 20:19:19.896402,82.0,91.0,2.46,57.9,91,19.972766876220703
2024-07-23 20:19:23.090660,80.0,87.8,2.66,57.9,91,20.025978088378906
2024-07-23 20:19:26.325336,81.0,89.4,2.45,58.3,91,18.40392303466797
2024-07-23 20:19:29.507838,84.0,84.4,2.45,58.1,91,20.576419830322266
2024-07-23 20:19:32.857753,82.0,87.9,2.25,58.1,91,22.66683006286621
2024-07-23 20:19:36.125012,79.0,91.3,2.55,58.6,91,19.799989700317383
2024-07-23 20:19:39.426444,81.0,87.1,2.55,58.6,91,19.42878532409668
2024-07-23 20:19:42.692491,82.0,51.0,2.35,58.9,91,19.75762176513672
2024-07-23 20:19:45.207718,86.0,84.9,2.35,59.1,91,29.22541618347168
2024-07-23 20:19:48.527016,87.0,89.9,2.16,59.3,91,21.08588409423828
2024-07-23 20:19:51.825805,79.0,94.0,2.31,59.7,91,19.248327255249023
2024-07-23 20:19:55.126454,78.0,82.4,2.31,58.7,91,19.7186279296875
2024-07-23 20:19:58.410051,81.0,86.5,2.28,58.9,91,19.721864700317383
2024-07-23 20:20:01.827208,83.0,89.9,2.1,58.7,91,19.133562088012695
2024-07-23 20:20:05.759786,75.0,88.3,1.93,58.8,91,11.96450424194336
2024-07-23 20:20:09.810908,69.0,86.7,1.93,58.7,91,11.447369575500488
2024-07-23 20:20:13.738226,69.0,92.4,1.78,58.7,91,11.814430236816406
2024-07-23 20:20:17.661813,69.0,88.7,1.88,58.5,91,12.997557640075684
2024-07-23 20:20:21.579799,69.0,91.4,2.21,58.8,91,12.044873237609863
2024-07-23 20:20:25.479037,69.0,91.4,2.03,58.8,91,13.86444091796875
2024-07-23 20:20:29.430383,67.0,85.3,2.03,58.7,90,11.657026290893555
2024-07-23 20:20:33.407392,65.0,87.3,2.11,58.5,90,10.900912284851074
2024-07-23 20:20:37.314346,69.0,92.6,2.02,58.5,90,12.827733993530273
2024-07-23 20:20:41.247753,65.0,93.8,2.02,59.0,90,12.718687057495117
2024-07-23 20:20:45.163976,65.0,90.7,2.02,59.0,90,11.636343955993652
2024-07-23 20:20:49.147599,64.0,89.7,2.1,59.0,90,11.499860763549805
2024-07-23 20:20:53.096712,66.0,94.1,2.49,58.8,90,10.926132202148438
2024-07-23 20:20:57.048154,67.0,93.9,2.85,58.7,90,11.649627685546875
2024-07-23 20:21:00.979090,63.0,94.3,2.78,59.0,90,11.640525817871094
2024-07-23 20:21:04.865552,66.0,95.1,2.78,58.7,90,11.327858924865723
2024-07-23 20:21:08.732549,64.0,92.1,2.56,58.8,90,11.565229415893555
2024-07-23 20:21:12.817458,65.0,87.9,2.83,58.9,89,11.735944747924805
2024-07-23 20:21:16.700520,64.0,84.4,3.25,58.7,89,10.605076789855957
2024-07-23 20:21:20.700142,63.0,86.7,2.99,58.8,89,11.486226081848145
2024-07-23 20:21:24.551432,64.0,90.0,2.99,58.7,89,11.385255813598633
2024-07-23 20:21:28.383994,63.0,83.1,2.75,58.7,89,10.48352336883545
2024-07-23 20:21:32.259067,64.0,87.3,2.53,59.0,89,10.234314918518066
2024-07-23 20:21:36.118360,63.0,86.6,2.33,58.8,89,11.2356538772583
2024-07-23 20:21:40.068240,62.0,90.8,2.33,58.9,89,11.901960372924805
2024-07-23 20:21:44.001931,62.0,91.1,2.14,58.9,89,11.23052978515625
2024-07-23 20:21:47.902503,63.0,87.7,2.37,58.6,89,10.916141510009766
2024-07-23 20:21:51.752517,62.0,93.1,2.58,58.8,89,10.610758781433105
2024-07-23 20:21:55.602921,64.0,95.7,2.53,59.1,89,11.364450454711914
2024-07-23 20:21:59.487831,60.0,92.8,2.53,58.9,89,11.887247085571289
2024-07-23 20:22:03.303494,62.0,90.0,2.81,58.8,89,12.328557968139648
2024-07-23 20:22:07.153848,64.0,89.8,2.67,59.1,89,11.894230842590332
2024-07-23 20:22:11.020906,62.0,90.6,2.45,59.5,88,10.746405601501465
2024-07-23 20:22:14.854466,61.0,91.2,2.45,59.5,88,11.521759033203125
2024-07-23 20:22:18.756555,63.0,91.8,2.5,60.1,88,12.027033805847168
2024-07-23 20:22:22.588381,62.0,84.4,2.78,60.1,88,12.339162826538086
2024-07-23 20:22:26.521842,67.0,91.4,2.55,59.1,88,11.834988594055176
2024-07-23 20:22:30.506858,64.0,91.9,2.51,59.5,88,12.918533325195312
2024-07-23 20:22:34.455888,66.0,87.9,2.51,59.8,88,14.013880729675293
2024-07-23 20:22:38.519826,62.0,89.6,2.55,60.0,88,13.192273139953613
2024-07-23 20:22:42.528358,65.0,88.9,2.35,60.3,88,12.187467575073242
2024-07-23 20:22:46.533817,61.0,93.7,2.48,60.5,88,11.041170120239258
2024-07-23 20:22:50.525392,62.0,87.8,2.28,61.0,87,11.645735740661621
2024-07-23 20:22:54.503028,60.0,87.5,2.28,60.1,87,12.035712242126465
2024-07-23 20:22:58.490721,63.0,91.9,2.18,60.6,87,11.968109130859375
2024-07-23 20:23:02.359568,62.0,92.3,2.32,60.1,87,11.198800086975098
2024-07-23 20:23:06.208327,62.0,87.4,2.54,60.4,87,11.688688278198242
2024-07-23 20:23:10.200833,62.0,87.3,2.54,60.2,87,11.044508934020996
2024-07-23 20:23:14.059291,62.0,92.7,2.57,60.3,87,11.733662605285645
2024-07-23 20:23:17.959461,63.0,90.2,2.45,60.1,86,12.073692321777344
2024-07-23 20:23:21.745048,61.0,87.3,2.25,60.4,86,11.281561851501465
2024-07-23 20:23:25.560437,62.0,94.9,2.25,60.3,86,12.468817710876465
2024-07-23 20:23:29.460343,63.0,90.9,2.23,60.6,86,10.717195510864258
2024-07-23 20:23:33.310413,61.0,94.1,2.29,60.6,86,11.749634742736816
2024-07-23 20:23:37.227563,62.0,88.0,2.51,60.4,86,12.72241497039795
2024-07-23 20:23:41.028453,61.0,86.9,2.47,60.6,86,10.82811164855957
2024-07-23 20:23:44.838355,61.0,86.6,2.47,60.5,86,11.58933162689209
2024-07-23 20:23:48.745203,60.0,89.6,2.43,59.9,86,11.516622543334961
2024-07-23 20:23:52.662793,60.0,91.7,2.24,60.4,86,11.430603981018066
2024-07-23 20:23:56.620797,61.0,96.8,2.06,60.4,86,12.194437980651855
2024-07-23 20:24:00.412797,62.0,91.5,2.06,60.8,86,12.140317916870117
2024-07-23 20:24:04.487288,62.0,90.4,1.89,60.8,86,12.527656555175781
2024-07-23 20:24:08.396778,64.0,92.1,1.98,60.6,86,11.484941482543945
2024-07-23 20:24:12.305981,61.0,91.9,1.82,60.8,85,10.651610374450684
2024-07-23 20:24:16.181161,62.0,89.9,1.76,60.6,85,12.579154968261719
2024-07-23 20:24:20.031015,60.0,87.5,1.76,60.8,85,10.769721031188965
2024-07-23 20:24:23.881517,59.0,87.7,1.94,60.3,85,10.405431747436523
2024-07-23 20:24:27.722991,61.0,88.5,1.94,60.3,85,10.327597618103027
2024-07-23 20:24:31.482881,61.0,94.3,1.79,60.6,85,11.232629776000977
2024-07-23 20:24:35.464270,63.0,89.8,1.79,60.5,85,12.354806900024414
2024-07-23 20:24:39.465829,62.0,89.7,1.64,59.8,85,10.353124618530273
2024-07-23 20:24:43.498032,63.0,95.0,1.91,59.8,85,14.772638320922852
2024-07-23 20:24:47.466465,63.0,90.2,2.0,59.6,85,12.841538429260254
2024-07-23 20:24:51.466821,65.0,88.1,2.0,59.8,84,13.579209327697754
2024-07-23 20:24:55.401032,63.0,85.5,2.0,60.3,84,11.877985954284668
2024-07-23 20:24:59.167502,62.0,89.3,2.08,60.5,84,11.389217376708984
2024-07-23 20:25:02.918273,61.0,87.8,2.47,60.5,84,10.69575309753418
2024-07-23 20:25:06.701413,60.0,85.7,2.51,60.8,84,11.767843246459961
2024-07-23 20:25:10.518372,61.0,87.1,2.51,61.1,83,11.867563247680664
2024-07-23 20:25:14.378046,60.0,93.1,2.63,61.5,83,11.935473442077637
2024-07-23 20:25:18.235722,58.0,90.3,2.42,61.1,83,11.057798385620117
2024-07-23 20:25:21.819614,85.0,88.5,2.23,61.5,83,33.92081069946289
2024-07-23 20:25:24.709923,97.0,86.4,2.23,61.7,83,35.2255973815918
2024-07-23 20:25:27.652962,100.0,90.5,2.05,62.5,83,33.15973663330078
2024-07-23 20:25:30.640691,100.0,92.0,2.05,61.8,83,32.455413818359375
2024-07-23 20:25:33.609802,96.0,87.0,2.13,61.5,83,31.335941314697266
2024-07-23 20:25:36.520517,95.0,91.6,2.13,62.0,83,27.74569320678711
2024-07-23 20:25:39.654482,81.0,93.4,1.96,61.4,83,22.062660217285156
2024-07-23 20:25:42.920985,85.0,92.2,1.8,62.0,83,18.905752182006836
2024-07-23 20:25:46.154638,82.0,94.7,1.8,61.7,83,19.435218811035156
2024-07-23 20:25:49.271939,80.0,90.6,1.66,61.8,84,18.985191345214844
2024-07-23 20:25:52.556136,77.0,91.3,1.84,61.9,84,22.231136322021484
2024-07-23 20:25:55.821960,80.0,95.5,1.84,65.6,84,23.036380767822266
2024-07-23 20:25:59.156133,81.0,92.1,1.7,65.2,84,20.44550323486328
2024-07-23 20:26:02.556512,83.0,89.9,1.88,63.7,84,21.172630310058594
2024-07-23 20:26:05.806123,80.0,94.9,1.88,64.0,84,20.739622116088867
2024-07-23 20:26:08.919410,80.0,92.8,1.73,64.5,84,19.677108764648438
2024-07-23 20:26:12.207147,77.0,92.2,1.75,64.7,84,22.33295440673828
2024-07-23 20:26:15.441115,80.0,94.3,1.75,65.3,84,22.13048553466797
2024-07-23 20:26:18.757580,80.0,92.5,2.01,63.1,84,19.61528968811035
2024-07-23 20:26:22.007543,81.0,92.4,2.17,63.3,84,19.776546478271484
2024-07-23 20:26:25.241098,81.0,92.5,2.17,63.6,84,20.452823638916016
2024-07-23 20:26:28.531413,83.0,93.4,2.88,64.1,84,21.90091323852539
2024-07-23 20:26:31.781999,83.0,91.8,2.97,64.3,84,23.44899559020996
2024-07-23 20:26:34.991891,79.0,88.5,2.97,64.6,84,19.487789154052734
2024-07-23 20:26:38.207172,77.0,89.6,3.13,63.0,84,19.62261962890625
2024-07-23 20:26:41.609900,78.0,89.0,3.12,63.6,84,20.595321655273438
2024-07-23 20:26:44.843397,81.0,84.2,3.12,64.2,84,21.096694946289062
2024-07-23 20:26:48.159376,84.0,90.1,3.19,64.4,84,22.116451263427734
2024-07-23 20:26:51.508022,87.0,84.8,3.19,64.3,84,20.61602783203125
2024-07-23 20:26:54.759885,82.0,89.7,3.49,64.5,84,20.010149002075195
2024-07-23 20:26:58.108705,77.0,92.3,3.21,63.6,84,19.672283172607422
2024-07-23 20:27:01.377054,80.0,93.0,3.21,63.6,84,21.127113342285156
